{"samplingrate": 999999, "disk": 55.3, "currentFreq": 50.368723, "lastPlt": 0.11, "measurement_time": "0d 0h 0m 6s", "currentVoltage": 235.38479562, "lastPst": 0.01, "ram": 46.1, "cpu": 11.2, "currentTHD": 2.12315}